date,open,high,low,close,volume
1999-01-04,32.8125,36.75,32.8125,35.8125,31864700
1999-01-11,35.8125,35.875,32.8125,33.6875,17302600
1999-01-18,33.6875,34.75,32.5625,34.5,17114800
1999-01-25,34.8125,36.4375,34.25,34.6875,23430700
1999-02-01,34.6875,37.6875,33.75,37.25,22182200
1999-02-08,37.25,37.375,35,35.5625,13167100
1999-02-15,35.5625,36.6875,35.25,35.6875,10533300
1999-02-22,35.6875,37.5,34.4375,35.625,19512900
1999-03-01,35.5,36,33.5,35.5625,16108600
1999-03-08,35.5625,35.625,33.75,35.125,14492500
1999-03-15,35.125,36.5625,34,34,20732700
1999-03-22,34.1875,35.125,34,34.8125,16498300
1999-03-29,34.8125,35.25,33.5,33.9375,10989300
1999-04-05,33.9375,35.4375,33.875,35.0625,14719000
1999-04-12,35.0625,43,34.4375,39.625,47495400
1999-04-19,39.625,41.25,39.1875,40.5,22010000
1999-04-26,40.375,41.875,38.8125,40.625,16650600
1999-05-03,40.625,45.875,40.5,45.75,23877500
1999-05-10,45.75,45.8125,41,43,12533000
1999-05-17,43,45.25,41.875,44.9375,14355100
1999-05-24,44.9375,45.8125,40,42.0625,16608800
1999-05-31,42.0625,43.9375,41.25,43.9375,7971000
1999-06-07,43.875,43.875,41.3125,42.625,12157200
1999-06-14,42.25,44.75,40.8125,44.625,13414900
1999-06-21,44.0625,44.625,41.8125,43.5625,13405600
1999-06-28,43.5625,44.375,42.5,44.0625,12089200
1999-07-05,43.375,44.9375,42.25,44.5625,10112700
1999-07-12,44.5625,48.5,43.8125,46,25102800
1999-07-19,46,46.8125,44.3125,46.625,13825000
1999-07-26,46.25,46.5625,44.4375,45.375,11342500
1999-08-02,45.375,47.125,45,46.5625,13293000
1999-08-09,46.5625,46.8125,45.1875,45.375,9676400
1999-08-16,45.375,46.5,45.0625,45.75,9477800
1999-08-23,45.875,46.375,43.625,43.8125,13289500
1999-08-30,44.4375,46,44.125,45.4375,15829900
1999-09-06,45.4375,45.75,44.3125,45.25,7835700
1999-09-13,45,45.0625,43.625,43.625,11229300
1999-09-20,43.625,43.9375,41.0625,42.0625,13731600
1999-09-27,42.0625,43.3125,41.4375,42.875,10345000
1999-10-04,43.0625,44.125,41.9375,42,10274700
1999-10-11,42,44.375,39.125,42.5,25278200
1999-10-18,42.5,45.4375,41.625,44.625,17079600
1999-10-25,44.625,46.4375,44.0625,46.0625,14458700
1999-11-01,44.9375,44.9375,42.25,44.3125,24684500
1999-11-08,44.3125,44.875,40.8125,41.3125,22566500
1999-11-15,40.875,44,39.8125,43.6875,19518900
1999-11-22,43.5,43.5,40.6875,41.0625,9319800
1999-11-29,41.0625,42.125,39.625,40.375,15799800
1999-12-06,40.0625,40.0625,37.0625,39.125,22935400
1999-12-13,39.0625,40.5625,37.25,38.3125,25119400
1999-12-20,38.3125,41.3125,37.875,41.1875,14369000
1999-12-27,41.1875,41.9375,40.8125,41.4375,9381000
2000-01-03,41.4375,44.875,39.75,44.3125,24792500
2000-01-10,44.3125,44.5,42,44,14051300
2000-01-17,44,48.125,43.125,45.6875,30657000
2000-01-24,45.6875,46.875,43.625,44.625,17080700
2000-01-31,44.5625,45.1875,42.5625,44,14199400
2000-02-07,43.875,43.875,38.375,39.875,20850500
2000-02-14,39.6875,39.6875,35.875,36,18950600
2000-02-21,36,39.9375,35.875,37.8125,16033600
2000-02-28,37.625,37.625,35.375,35.9375,17866700
2000-03-06,35.9375,36.1875,32.3125,32.375,18932700
2000-03-13,32.375,38.9375,32,38,32040000
2000-03-20,37.6875,37.6875,34.8125,36,23189300
2000-03-27,36.125,38.9375,36.125,37.8125,18272600
2000-04-03,37.75,38.25,35.375,35.6875,15510800
2000-04-10,35.625,38.375,34.75,35.375,15985500
2000-04-17,35.375,40.25,34.0625,40.0625,21000400
2000-04-24,40.0625,41.25,37.5,39.6875,26047900
2000-05-01,39.6875,40.1875,36.8125,39.5,14525600
2000-05-08,39.5,39.5,36.5625,37.1875,15996500
2000-05-15,37.1875,37.875,36.25,36.9375,13713000
2000-05-22,36.9375,39,36.25,38.25,15607700
2000-05-29,38.5625,40.5625,38.5625,39.875,10296200
2000-06-05,39.4375,40.1875,37.6875,39.1875,13462300
2000-06-12,39.0625,41,37.6875,39.25,18255600
2000-06-19,39.25,40.125,38.3125,39.875,13414800
2000-06-26,39.875,42.25,39.3125,41.8125,17547600
2000-07-03,41.8125,44.0625,41.4375,43.75,14145200
2000-07-10,43.75,45.125,43,44.4375,15803000
2000-07-17,44.4375,47.3125,43.3125,46.8125,27427700
2000-07-24,46.8125,50.25,46.6875,48.8125,27137200
2000-07-31,48.8125,49.9375,48.3125,49,17738300
2000-08-07,49,49.9375,47.125,49.625,15608800
2000-08-14,49.625,49.875,45.3125,45.6875,20054200
2000-08-21,45.6875,54.5,45.5,54.125,34307200
2000-08-28,54,56.25,51.9375,54.75,21501300
2000-09-04,54.75,59.9375,54,58.125,29286200
2000-09-11,58.125,60.125,56.75,56.875,24277900
2000-09-18,56.875,64.3125,56.25,63.5,26808100
2000-09-25,63.5,66.9375,60.625,64.5,31712800
2000-10-02,61.25,63,57.25,61,26506300
2000-10-09,60.6875,61.25,54,58.75,21279100
2000-10-16,59.4375,61.5,57.3125,60,20566600
2000-10-23,60.0625,63.9375,60.0625,63.75,22889600
2000-10-30,63.75,67.875,63.6875,66.0625,22927800
2000-11-06,66.0625,66.375,63.25,63.5,13149200
2000-11-13,63.5,66.8125,61.9375,65.375,16723700
2000-11-20,65.375,69.5,64.875,65.6875,13656300
2000-11-27,67,70,65.1875,65.8125,21077400
2000-12-04,65.8125,70.9375,63.6875,69.9375,23620500
2000-12-11,69.9375,70.625,64.75,64.875,19045900
2000-12-18,66,69.9375,61.4375,63.4375,21456200
2000-12-25,63.4375,67,62.25,66,10132600
2001-01-01,65.3125,65.3125,58.125,58.75,18072600
2001-01-08,58.75,60.875,57.1875,60.625,17648400
2001-01-15,60.625,62.6875,55.5,55.6875,20226600
2001-01-22,55.6875,59.6875,55.6875,58.0625,17005600
2001-01-29,57.99,58.91,54.56,56.85,15910600
2001-02-05,56.85,58.46,56.42,57.34,11557400
2001-02-12,58.21,61.94,58.21,59.99,17062600
2001-02-19,60.15,62.8,60.15,61.61,10478700
2001-02-26,61.61,63.9,58.3,60.1,15923000
2001-03-05,60.1,65.6,59.88,65.5,16022800
2001-03-12,64.32,64.32,52.85,53.75,31643800
2001-03-19,53.75,57.19,49.7,53,25648600
2001-03-26,53.55,57.27,53.55,55.71,17833600
2001-04-02,55.71,57.5,53.92,55.98,14965100
2001-04-09,56,61,56,60.5,12624200
2001-04-16,60.5,64.91,59,61.7,18385400
2001-04-23,61.28,62.13,59.61,61.61,15820800
2001-04-30,61.8,65,61.8,64.5,15795400
2001-05-07,64.5,66.43,64,66.01,11488700
2001-05-14,66.01,69.85,65.44,68.35,17480800
2001-05-21,68.35,68.95,62.9,63.33,15496200
2001-05-28,63.33,65.57,62.33,65,11423600
2001-06-04,65,67.55,64.1,64.59,13771100
2001-06-11,64.59,66.49,63.32,64.25,16606400
2001-06-18,64.41,64.99,55.4,57,28693800
2001-06-25,57,58.38,55.58,55.6,22021100
2001-07-02,56.3,57.22,53.77,54.3,12788700
2001-07-09,54.02,55.21,52.55,55.07,18468500
2001-07-16,55.07,57.95,54.08,56.79,16516900
2001-07-23,56.79,58.9,55.19,58.14,10816100
2001-07-30,58.64,59.75,57.12,59.21,11766200
2001-08-06,59,59.8,55.88,56.85,15933300
2001-08-13,56.55,57.24,53.4,54,12473100
2001-08-20,53.75,53.95,51.78,53.63,14732200
2001-08-27,53.91,53.91,50.17,51.2,14205200
2001-09-03,49.75,51.97,44.79,45.18,18660200
2001-09-10,44.9,45.95,43.46,43.46,6618500
2001-09-17,35.65,38.7,27.6,30.1,78781400
2001-09-24,30.09,34.65,30.09,33.5,46477300
2001-10-01,33.5,37.52,32.05,36.26,33015700
2001-10-08,36.2,37.64,34.9,35.9,23612300
2001-10-15,35.6,35.75,32.51,33.45,20535900
2001-10-22,33.8,38.1,33.54,37.68,27836200
2001-10-29,35.88,35.9,32.31,34.35,29190100
2001-11-05,35,35.75,32.8,33.24,27342400
2001-11-12,33,35.01,31.58,34.99,20000800
2001-11-19,35.01,35.65,34.34,35.63,10390700
2001-11-26,36,36.25,33.95,35.1,17639800
2001-12-03,35.1,37.55,34.03,37.3,21714100
2001-12-10,37.32,38.29,36,37.55,15941300
2001-12-17,37.35,39.2,36.27,38.64,22058100
2001-12-24,38.54,39.12,38.16,39.1,7686900
2001-12-31,39.19,40.4,37.85,40.36,13427700
2002-01-07,41,41.89,38.6,38.69,21053500
2002-01-14,38.69,39.62,37.65,39.15,15649200
2002-01-21,39.7,40.83,38,40.48,20440800
2002-01-28,40.72,41.65,39.05,41.46,17014800
2002-02-04,41.55,41.9,40.5,41.7,15834700
2002-02-11,41.9,45.01,41.72,44.9,20890100
2002-02-18,44.1,45.1,42.55,44.76,19934700
2002-02-25,44.75,47.84,43.9,47.84,19772300
2002-03-04,48,50,47.41,49.4,19239700
2002-03-11,49.4,51.07,46.41,47.98,23917500
2002-03-18,48.27,48.44,46.12,46.39,13952500
2002-03-25,46.2,48.72,45.25,48.25,13801700
2002-04-01,48.25,49.85,47.4,48.29,16493500
2002-04-08,47.9,50.05,47.59,48.55,13837300
2002-04-15,48.2,48.98,41.99,42.75,39889700
2002-04-22,42.8,43.77,41,41.51,20163800
2002-04-29,43.7,45.73,43.1,44.63,20997700
2002-05-06,45,45.24,42.8,43.63,15651600
2002-05-13,43.9,45.74,43.76,45.42,12745000
2002-05-20,45.64,46.03,43.05,43.35,12316600
2002-05-27,43.35,44.19,42.46,42.65,11015700
2002-06-03,43.4,43.87,41.45,42.76,12100300
2002-06-10,42.95,43.99,41.78,42.53,10769700
2002-06-17,42.54,44.49,42.54,42.97,13358000
2002-06-24,42.92,45.09,41.52,45,19983000
2002-07-01,44.97,45.28,43.17,45,11230500
2002-07-08,44.72,45.09,39.13,40.15,20818300
2002-07-15,39.85,43.19,37.2,39.92,24892000
2002-07-22,39.8,42.94,37.1,42,25483100
2002-07-29,42.94,42.99,39.1,39.85,21513700
2002-08-05,39.65,41.65,38.53,41,16880900
2002-08-12,40.15,40.65,34.1,37.5,36957500
2002-08-19,37.51,38.65,36.9,37.13,16080700
2002-08-26,37.13,37.85,35.85,37.07,15830600
2002-09-02,36.8,37.65,35.23,37.21,11808500
2002-09-09,37.21,37.8,35.01,35.58,14788900
2002-09-16,35.9,37.59,35.45,36.48,18730700
2002-09-23,35.9,36.59,34.5,34.7,16814500
2002-09-30,34.4,36.02,31.95,32.01,21915300
2002-10-07,32.22,33.01,29.95,32,23618100
2002-10-14,30.3,32.52,28.53,29,32931400
2002-10-21,29,31.2,28.58,30.32,20943300
2002-10-28,30.42,30.8,28.54,30.4,18257500
2002-11-04,30.41,34.43,29.63,33.18,26959300
2002-11-11,33.18,33.21,30.87,31.5,17631500
2002-11-18,31.54,34.43,30.62,34,21067700
2002-11-25,33.55,35.14,33.2,34.05,12584100
2002-12-02,34.6,34.88,32.23,33.4,15790100
2002-12-09,32.63,33.25,31.4,31.4,14266000
2002-12-16,31.27,32.94,31.25,32.71,14690000
2002-12-23,32.71,33.28,32.14,32.33,6400900
2002-12-30,32.33,34.44,32.33,34.18,8763000
2003-01-06,34.05,34.56,33.03,33.85,14510200
2003-01-13,34.15,34.59,33.03,33.29,11548800
2003-01-20,33.29,33.31,31,31.01,10672000
2003-01-27,31.01,32.22,30.2,31.59,15066100
2003-02-03,30.9,31.63,29.9,30,14746300
2003-02-10,30.1,30.51,28.9,30.15,13425800
2003-02-17,30.5,30.8,28.2,29.64,16483400
2003-02-24,29.28,29.64,27.24,27.56,20038400
2003-03-03,27.7,27.82,25.4,25.84,25688500
2003-03-10,25.7,26.25,24.73,25.55,24371000
2003-03-17,25.5,28.42,25.32,28.1,25627100
2003-03-24,27.8,27.8,25.9,26.1,20848700
2003-03-31,25,27.1,24.85,26.5,23090800
2003-04-07,27.1,28.05,25.7,26.47,22852200
2003-04-14,26.48,27.46,26.03,26.65,15536300
2003-04-21,26.65,28.66,26.59,27.19,28047300
2003-04-28,26.73,28.77,26.49,28.62,24216600
2003-05-05,28.12,29.1,27.4,29.1,24239900
2003-05-12,28.9,30.76,28.83,30.42,22178400
2003-05-19,30.05,30.61,28.55,29.99,19807300
2003-05-26,29.99,30.86,29.41,30.67,16889100
2003-06-02,31.1,35.18,31,34.86,30614800
2003-06-09,34.4,35.94,32.83,35.34,27426600
2003-06-16,35.65,37.36,35.1,35.53,28917200
2003-06-23,34.84,35.2,34.12,34.22,16503500
2003-06-30,34.55,34.93,33.9,34.58,16852700
2003-07-07,34.88,35.55,34.38,35.18,14459600
2003-07-14,35.4,35.43,32.12,33.35,24752600
2003-07-21,33,33.25,31.16,32.68,23819200
2003-07-28,32.68,33.4,31.99,32.42,18848500
2003-08-04,32.2,32.65,31,32.25,14812300
2003-08-11,32.4,33.15,31.71,32.94,10070900
2003-08-18,33.1,36.28,33,35.68,20935800
2003-08-25,35.67,37.46,35.11,37.39,16980300
2003-09-01,37.29,38.9,36.8,37.16,15022100
2003-09-08,37.45,37.59,35.11,35.66,19524600
2003-09-15,35.41,36.6,35.21,35.79,13737600
2003-09-22,35.45,35.45,33.66,34.01,15365800
2003-09-29,34.45,36.32,33.89,35.85,14695500
2003-10-06,35.6,37.26,35.26,36.95,12776700
2003-10-13,36.96,37.75,36.61,37.24,12846000
2003-10-20,37.05,37.61,35.45,36.28,10663500
2003-10-27,36.27,39.21,35.31,38.49,22176900
2003-11-03,38.54,39.25,38.31,38.9,12945500
2003-11-10,39,40.15,38.06,39.25,13502400
2003-11-17,39,39.97,38.5,38.86,16578400
2003-11-24,39.05,39.05,37.61,38.39,14698700
2003-12-01,37.6,39.2,37.6,38,24656300
2003-12-08,38.18,39.61,38.15,39.37,15145100
2003-12-15,39.73,41.95,39.17,41.48,20253800
2003-12-22,41.49,42,41.29,41.47,6742400
2003-12-29,41.54,43.37,41.37,41.99,12337700
2004-01-05,42.2,44.53,41.47,42.64,18046000
2004-01-12,42.64,44.01,41.6,44.01,12798400
2004-01-19,44.55,44.71,41.64,41.85,15252000
2004-01-26,41.85,42.68,41.5,41.75,14362400
2004-02-02,41.67,45.02,41.6,44.35,20798800
2004-02-09,44.2,44.66,43.32,44.45,12726500
2004-02-16,44.6,45.1,44.3,44.34,11872600
2004-02-23,44.54,44.57,41.97,43.37,24157200
2004-03-01,43.38,43.87,42.14,42.72,13890700
2004-03-08,42.72,42.85,38.87,40.3,17572900
2004-03-15,39.95,40.46,38.98,39.43,14410000
2004-03-22,38.43,39.9,38.04,39.35,16970000
2004-03-29,39.8,42.04,39.6,41.84,13606400
2004-04-05,41.85,42.58,41.2,41.35,9314100
2004-04-12,41.7,42.6,41.11,41.5,10000300
2004-04-19,41.63,42.75,40.31,42.45,11551200
2004-04-26,43.15,44.9,42.6,42.69,17412500
2004-05-03,43.25,44.3,43,43.4,14214500
2004-05-10,43,43.84,42.29,43.44,14470500
2004-05-17,42.7,44.11,42.49,43.4,11722700
2004-05-24,44.22,46.62,44.02,45.8,23241500
2004-05-31,45.9,47.22,45.51,46.9,13522500
2004-06-07,47.5,48.83,47.47,48.75,15308100
2004-06-14,48.5,50,48.37,49.8,22016200
2004-06-21,49.65,51.35,49.33,51.3,15458400
2004-06-28,51.3,51.49,48.84,49.52,15198300
2004-07-05,49.9,50.27,48.82,50.04,12775800
2004-07-12,49.95,50.65,48.34,49.13,13535700
2004-07-19,49.35,49.53,46.4,47.06,17678400
2004-07-26,47.1,51.25,46.89,50.75,17140400
2004-08-02,50.2,51.46,48.27,48.33,15998600
2004-08-09,48.8,49.8,48.46,49.72,14132000
2004-08-16,49.72,51.32,49.64,50.46,15529600
2004-08-23,50.75,52.82,50.35,51.99,15965200
2004-08-30,51.99,53.95,51.69,53.1,11919000
2004-09-06,53.4,54.32,52.65,54.15,11700400
2004-09-13,54.15,55.24,53.33,55.15,12351800
2004-09-20,54.75,55.19,52.58,53.14,14671200
2004-09-27,52.9,53,50.5,52.48,18826700
2004-10-04,52.55,52.87,49.89,50.1,16671700
2004-10-11,50.11,51.28,49.81,50.19,13533900
2004-10-18,49.55,50.1,48.3,49.51,15667700
2004-10-25,49.05,51.25,48.1,49.9,20196500
2004-11-01,50.1,52.1,49.65,51.15,20040100
2004-11-08,51.15,54.39,51.06,53.93,18966600
2004-11-15,53.85,55.48,53.61,53.77,16777000
2004-11-22,53.76,54.5,53.25,54.02,10952700
2004-11-29,54.02,55.29,53.28,55.26,13890600
2004-12-06,55.26,55.26,52.2,52.42,17749600
2004-12-13,54.37,54.37,51.79,53.1,18441000
2004-12-20,53.1,54.29,52.72,53.53,8134500
2004-12-27,53.39,53.65,51.62,51.77,10758200
2005-01-03,51.85,52.25,49.55,50.31,18778300
2005-01-10,50.13,52.15,50.1,50.91,16385000
2005-01-17,50.5,51.97,50.01,50.07,11311100
2005-01-24,50.33,51,49.52,49.92,17930600
2005-01-31,50.25,52.95,50.07,52.58,20198500
2005-02-07,52.42,54.43,52.3,54.14,20476200
2005-02-14,54.01,54.82,52.55,52.78,17891400
2005-02-21,52.35,55.03,52.07,54.99,15793400
2005-02-28,54.9,58.74,54.26,58.38,28816600
2005-03-07,57.52,58.68,57.2,57.49,21052500
2005-03-14,57.5,58.94,56.57,57.16,22252700
2005-03-21,57,57.7,56.58,56.8,10547400
2005-03-28,57.3,59.12,57,58.78,19303000
2005-04-04,58.6,59.45,58.01,58.6,15990900
2005-04-11,58.75,59.81,57,57,21952200
2005-04-18,56.65,59.08,56.22,57.88,17414200
2005-04-25,58.8,60.1,58.15,59.52,24451000
2005-05-02,59.52,61.25,58.9,61.01,18446900
2005-05-09,60.75,62.5,58.62,59.5,28140600
2005-05-16,59.7,62.51,59.53,61.9,17536000
2005-05-23,61.95,63.4,61.12,63.02,15546400
2005-05-30,63.01,64.99,62.91,64.66,15049300
2005-06-06,64.88,66.09,64.04,64.65,20909800
2005-06-13,65.05,65.35,62.85,64.62,22923400
2005-06-20,63.9,64.1,60.5,60.59,17856900
2005-06-27,60.35,66.85,59.7,64.68,38091900
2005-07-04,64.3,66.11,63.45,65.07,16554300
2005-07-11,65.25,65.49,64.15,64.75,12350900
2005-07-18,64.75,66.31,64.25,66.2,14232100
2005-07-25,66,67.95,65.6,66.01,20776500
2005-08-01,66.3,66.77,65.64,66.19,11717700
2005-08-08,66.3,67.5,65.6,66.54,14557000
2005-08-15,66.4,67.72,66.21,67.15,13067900
2005-08-22,67.39,68.38,66.09,66.31,14619000
2005-08-29,66.1,67.66,63.95,64.34,20154900
2005-09-05,64.37,65.63,64,65.4,17822200
2005-09-12,65.15,65.69,63.95,64.8,18618100
2005-09-19,64.5,64.6,62.01,63.2,18727300
2005-09-26,65.5,68.25,64.24,67.95,21811200
2005-10-03,67.92,68.48,66.65,67.3,17907200
2005-10-10,67.06,68.07,66.24,67.5,18553400
2005-10-17,67.15,68.98,65.83,66.02,25183500
2005-10-24,66.5,67.78,63.7,65.64,28039000
2005-10-31,65.8,66.58,64.2,65.28,27117500
2005-11-07,65.48,66.11,64.52,65.35,15213000
2005-11-14,65.25,68.19,64.94,66.95,23694100
2005-11-21,68.13,69.9,67.9,69.06,15599900
2005-11-28,69.01,70,68.18,69.44,15464300
2005-12-05,69.45,70.22,68.7,69.65,19447400
2005-12-12,70,71.98,69.54,70.75,19877500
2005-12-19,70.75,72.05,69.6,71.49,14184700
2005-12-26,71.9,72.4,70.16,70.24,8158200
2006-01-02,70.4,71.27,69.05,69.35,17526100
2006-01-09,69.28,70.45,68.57,69.48,18758600
2006-01-16,69.07,69.4,66.49,66.5,14440100
2006-01-23,65.9,69.25,65.9,68.56,20095000
2006-01-30,68.52,72.3,68.2,70.87,28334300
2006-02-06,70.65,72.76,70.3,72.53,17262300
2006-02-13,71.95,73,71.82,72.96,15140200
2006-02-20,73.15,74.61,72.65,74.31,13561800
2006-02-27,74.05,74.89,72.25,73.39,12413000
2006-03-06,73.7,74.9,71.9,74.79,13469400
2006-03-13,75.21,78.08,74.5,77.85,16024700
2006-03-20,78.5,79.2,77.51,78.73,15240900
2006-03-27,78.73,79.5,77.37,77.93,15380300
2006-04-03,78.25,80.37,77.5,79.57,14607700
2006-04-10,79.62,84.23,79.61,82.93,15305700
2006-04-17,83.2,86.58,81.88,86.46,19666400
2006-04-24,86.66,87.25,83.01,83.45,22234100
2006-05-01,83.45,88.55,82.82,88.47,16650100
2006-05-08,88.48,89.58,86.94,87.01,14933000
2006-05-15,85.76,86.98,82.06,84.61,21686800
2006-05-22,84.46,86.7,81.63,83.5,20961000
2006-05-29,83.5,84.58,81.21,83.8,13497900
2006-06-05,83.79,83.97,79.01,80.5,26249600
2006-06-12,80.6,85.85,76.4,85.54,34361500
2006-06-19,85.65,86.23,83.16,83.39,17723300
2006-06-26,83.48,84.28,80.83,81.91,18023100
2006-07-03,81.35,81.67,79.26,79.99,13074400
2006-07-10,80.03,81.95,76.89,77.25,18193400
2006-07-17,78.11,83,77.8,79.08,22526100
2006-07-24,79.45,84.06,78.15,78.91,24734800
2006-07-31,78.46,80.7,76.52,79.49,21087500
2006-08-07,79.1,80.83,75.07,75.96,21965800
2006-08-14,76.65,79.43,75.15,77.62,17789700
2006-08-21,77.62,77.85,73.55,73.93,15576400
2006-08-28,74.04,75.99,72.9,75.43,22113300
2006-09-04,75.75,76.3,72.17,72.8,14946000
2006-09-11,72.13,76.49,72.13,75.01,21075400
2006-09-18,75.1,77.77,74.15,77.25,17880300
2006-09-25,77.7,80.35,77.37,78.85,21649900
2006-10-02,79.35,84.39,78.84,83.68,26199800
2006-10-09,83.69,83.87,80.89,82.39,19850000
2006-10-16,82.39,83.46,81.5,81.74,14629400
2006-10-23,81.73,83.89,77.77,79.74,31208900
2006-10-30,80.25,81.04,79.11,79.97,17615000
2006-11-06,79.98,86.98,79.98,85.62,35070100
2006-11-13,85.7,89.63,84.76,89.52,25389600
2006-11-20,89.05,92.05,88.62,89.77,19782400
2006-11-27,90,90.05,86.95,89.55,25008900
2006-12-04,89.55,91.85,89.17,90.13,18673600
2006-12-11,89.77,90.99,89.08,90.7,18510200
2006-12-18,90.75,90.9,88.35,88.76,13897700
2006-12-25,88.95,89.46,88.35,88.84,6628500
2007-01-01,88.9,90.3,87.01,89.15,10876500
2007-01-08,88.61,89.71,87.5,88.13,19077100
2007-01-15,88.25,89.54,87.22,88.63,17756100
2007-01-22,87.51,88.18,84.6,85.43,26354800
2007-01-29,85.05,92.24,85,90.05,29556500
2007-02-05,90.45,91.42,88.55,90,18802300
2007-02-12,89.55,92,88.3,90.94,20572500
2007-02-19,91.5,92,89.84,90.28,14430400
2007-02-26,90.48,90.73,85.24,87.03,26028400
2007-03-05,86.96,90.09,86.39,89.51,17943000
2007-03-12,89,91.87,88.53,90,24568900
2007-03-19,90.5,91.31,89.45,90.98,17150600
2007-03-26,90.88,91,88.65,88.91,18567000
2007-04-02,88.9,90.74,88.08,90.5,12922900
2007-04-09,90.97,91.1,89.4,91.03,15146800
2007-04-16,91,94.75,89.93,93.29,29392300
2007-04-23,94.1,95.58,92.75,94.02,26765300
2007-04-30,94.02,94.49,92.5,93.61,16539900
2007-05-07,93.8,95,92.38,93.4,16822100
2007-05-14,93.4,97.5,93.32,96.63,20287100
2007-05-21,96.42,98.84,95.36,98.25,23572000
2007-05-28,98.52,101.45,97.96,99.83,17386300
2007-06-04,101,101,95.91,98.19,18088600
2007-06-11,98.25,100,96.12,98.15,24316100
2007-06-18,98.03,98.58,95.17,95.92,25611200
2007-06-25,96,96.57,93.58,96.16,22485400
2007-07-02,96.72,99.22,96.27,98.88,10111000
2007-07-09,100.99,102.43,99.56,101.88,25828000
2007-07-16,102,104.42,100.89,103.86,20344900
2007-07-23,104.48,107.83,102.23,103.71,38212500
2007-07-30,104.6,106.54,103,104.24,30362300
2007-08-06,104.49,104.85,94,98.44,37509000
2007-08-13,99.46,100.91,90.08,95.93,39457500
2007-08-20,96.26,98.95,94.75,98.47,20981300
2007-08-27,98.07,98.95,95.44,96.7,21814600
2007-09-03,96.1,97.74,94.02,94.84,29871700
2007-09-10,95.01,99.58,94.05,99.35,22164900
2007-09-17,98.8,103.23,96.44,102.59,32033000
2007-09-24,103,106.15,102.4,104.99,23514500
2007-10-01,105.45,107.15,101.09,102.25,23683500
2007-10-08,103.26,103.26,94.96,96.69,58889100
2007-10-15,95.98,97.15,93.03,93.9,41984200
2007-10-22,93.16,98.97,92,96.02,37118100
2007-10-29,95.78,98.71,95.57,97.76,34435800
2007-11-05,97.59,98.67,94.07,94.21,27403500
2007-11-12,94.25,94.41,89.45,89.99,35373900
2007-11-19,89.6,89.92,86.75,89.54,28494000
2007-11-26,90.5,94.6,89.86,92.54,35920700
2007-12-03,92.5,93.64,89.85,93.16,32857100
2007-12-10,93.25,93.25,85.55,88.42,47511700
2007-12-17,88.21,89.34,86.2,89.07,30293900
2007-12-24,89.55,90.38,87.48,88.25,10499600
2007-12-31,88.14,88.28,85.69,85.82,16308500
2008-01-07,86.25,86.3,77.81,80.52,46047500
2008-01-14,81.33,82.49,76,78.4,54482700
2008-01-21,74.53,79.67,74.12,77.03,36830200
2008-01-28,77.15,84.87,76.48,82.76,39794500
2008-02-04,82.78,83.36,78.71,79.33,24251900
2008-02-11,79.46,86.06,78.85,85.18,31664100
2008-02-18,86.11,86.88,81.75,83.04,23602100
2008-02-25,83.26,85.19,82.4,82.79,28692600
2008-03-03,79.32,81.32,76.37,76.6,37614800
2008-03-10,76.53,77.19,71.59,76.23,57110700
2008-03-17,74.46,77,72.72,74.8,28388700
2008-03-24,75.25,76.88,73.08,73.47,27499800
2008-03-31,74,77.22,73.4,75.65,30156000
2008-04-07,76.53,79.9,74.04,76.86,43800800
2008-04-14,76.68,79.1,75.6,78.66,26369200
2008-04-21,78.71,85.25,77.75,84.84,41958300
2008-04-28,85.01,86.5,84.28,85.69,23952500
2008-05-05,85.32,86.21,83.75,84.06,21025700
2008-05-12,84.4,86.67,83.28,85.17,27705900
2008-05-19,85.56,88.29,80.55,81.48,34531400
2008-05-26,81.6,83.3,81.01,82.77,16789700
2008-06-02,82.61,82.61,73,73.16,40001200
2008-06-09,73.4,77.05,72.76,75.12,34730800
2008-06-16,74.77,77.8,73.37,75.83,37927800
2008-06-23,76.23,76.48,66.38,66.92,51464700
2008-06-30,66.63,66.75,63.54,64.47,32515600
2008-07-07,64.66,67.23,62.86,63.28,39571600
2008-07-14,64.4,68.34,62.02,68.14,34672100
2008-07-21,68.5,69.5,62.05,63.83,45478400
2008-07-28,63.82,64.06,60.77,62.01,35486900
2008-08-04,62.08,68.75,61.13,67.86,38733200
2008-08-11,67.89,67.9,63.45,64.45,39316600
2008-08-18,64.5,65.71,62.21,65.55,26508500
2008-08-25,64.91,66.98,62.87,65.56,21462800
2008-09-01,67,68.47,61.89,62.89,28247700
2008-09-08,62.47,65.22,61.13,63.3,36386000
2008-09-15,61.81,63,54.2,59.76,58126500
2008-09-22,59.33,60.41,56.01,58.32,30398400
2008-09-29,57.5,58,53.34,53.83,39679300
2008-10-06,51.77,53,40,41.8,67810200
2008-10-13,43.57,49.47,39.99,44.55,58728400
2008-10-20,44.74,47.69,41.75,45.24,49026300
2008-10-27,45.7,52.82,42.26,52.42,54447200
2008-11-03,51.9,54.65,45.35,46.58,48571000
2008-11-10,47.3,48.31,39.07,41.04,43878300
2008-11-17,40.61,42.8,36.17,39.58,56532100
2008-11-24,40.05,42.8,38.89,42.63,28165600
2008-12-01,41.64,42,36.28,39.53,39662700
2008-12-08,40.35,43.69,38.2,39.2,44612800
2008-12-15,39.6,42.39,38.2,41.24,45096500
2008-12-22,40.65,41.56,39.76,40.53,15224600
2008-12-29,40.38,45.56,39.5,45.25,20879600
2009-01-05,45.5,47,43.88,44.45,31806000
2009-01-12,44.28,44.45,39.51,42.46,36479200
2009-01-19,42.08,42.84,40,41.98,28916300
2009-01-26,42.46,44.4,40.37,42.31,35493700
2009-02-02,41.73,43.67,40.11,42.92,37412500
2009-02-09,42.8,43.42,38.58,40.48,33119200
2009-02-16,39.49,39.74,35.32,36.31,29339200
2009-02-23,36.73,36.79,31.4,31.44,52578800
2009-03-02,30.96,31,29.05,30.1,60827600
2009-03-09,29.98,34.1,29.96,33.4,48299200
2009-03-16,33.74,34.96,32.5,32.55,50058300
2009-03-23,33.2,38.68,33.05,37.53,46012000
2009-03-30,36.63,38.12,34.21,37.69,49712400
2009-04-06,37.48,39.18,36.24,39.15,26948900
2009-04-13,36.97,38.78,35.81,38.32,33405000
2009-04-20,37.65,39.01,35.94,38.72,40746900
2009-04-27,37.99,41.74,37.72,41.21,35486500
2009-05-04,41.9,45.84,41.51,45.83,35481800
2009-05-11,45.26,45.6,42.38,43,33429000
2009-05-18,44.25,45.74,42.7,42.94,25550900
2009-05-25,42.61,45.08,42.52,44.85,19317600
2009-06-01,45.54,53.26,45.54,52.65,40122400
2009-06-08,52.49,53.39,50.11,51.44,39566400
2009-06-15,50.9,51.09,48.05,48.44,27091000
2009-06-22,47.83,48.03,41.09,41.88,83346300
2009-06-29,42.15,43.79,40.62,40.83,27384000
2009-07-06,40.38,40.76,38.92,39.65,34900900
2009-07-13,39.68,42.4,39.26,41.36,31213000
2009-07-20,41.71,43.71,40.78,42.37,45435000
2009-07-27,42,44.5,41.43,42.91,32890000
2009-08-03,43.18,47.21,42.51,46.69,36055300
2009-08-10,46.41,46.87,44.21,44.87,29413800
2009-08-17,44.16,46.02,43.1,45.87,27956100
2009-08-24,46.51,52.53,45.97,51.04,47588600
2009-08-31,50.17,50.38,47.76,49.15,32553900
2009-09-07,49.73,51.44,48.81,51.35,20207400
2009-09-14,50.99,53.29,50.44,53.02,27288200
2009-09-21,52.6,53.4,51.3,51.52,20574000
2009-09-28,51.82,55.48,50.1,51.4,30774700
2009-10-05,51.75,52.75,51.15,52.69,18766900
2009-10-12,52.66,53.72,50.85,53.19,24759500
2009-10-19,53.32,53.75,49.5,49.89,32377800
2009-10-26,49.85,49.98,47.18,47.8,38385900
2009-11-02,47.82,49.98,47.33,49.68,24042600
2009-11-09,50.01,51.48,49.72,50.68,19594300
2009-11-16,51,52.69,50.75,51.7,21906400
2009-11-23,52.5,53,50.95,52.45,12846400
2009-11-30,52.43,55.45,51.78,54.68,27218700
2009-12-07,55.2,56.39,54.72,55.6,26659600
2009-12-14,56.02,56.56,53.1,53.44,34743900
2009-12-21,53.36,55.65,53.36,55.48,11391500
2009-12-28,55.33,55.55,54.05,54.13,8886600
2010-01-04,55.72,62.31,54.8,61.6,45416700
2010-01-11,61.95,62.09,59.91,60.82,23916800
2010-01-18,60.6,61.26,57.7,57.77,20945800
2010-01-25,58.35,63.4,57.23,60.6,40388300
2010-02-01,60.74,62,57.14,58.4,36429200
2010-02-08,58.33,60.75,57.78,59.65,26786600
2010-02-15,60.42,64.34,59.9,63.59,20146300
2010-02-22,63.58,64.47,62,63.16,25377400
2010-03-01,63.05,68.04,63,67.93,30162500
2010-03-08,68.01,70.49,67.13,69.83,35939600
2010-03-15,69.37,73.3,68.29,70.72,46363900
2010-03-22,71.66,73.43,71.51,72.59,32063700
2010-03-29,73.08,74.53,71.95,72.99,23741100
2010-04-05,72.99,73.18,70.95,72.42,28324500
2010-04-12,72.15,72.61,69.88,70.79,23256300
2010-04-19,70.27,76,70.16,75.13,35285500
2010-04-26,74.58,75.29,71.34,72.43,26574600
2010-05-03,72.62,74.7,62,66.72,39842000
2010-05-10,69.96,73.37,68.98,69.82,33627800
2010-05-17,70.36,70.37,61.39,64.56,45451500
2010-05-24,63.66,65.41,60.61,64.18,33668800
2010-05-31,64.27,65.2,60.93,61.15,22910800
2010-06-07,61.69,65.7,59.84,65.38,34981200
2010-06-14,66.22,68.14,64.71,67.96,26703200
2010-06-21,68.95,69.34,65.65,68.77,35490500
2010-06-28,68.43,68.62,61.17,61.94,31855600
2010-07-05,62.71,65.2,60.65,64.66,17863500
2010-07-12,64.55,65.78,61.68,61.9,27415500
2010-07-19,62.72,68.17,61.83,67.93,27155300
2010-07-26,68.15,69.75,66.47,68.14,27544700
2010-08-02,69.01,70,67.36,68.7,21875900
2010-08-09,69.17,69.47,64.44,64.84,19774100
2010-08-16,64.27,66.91,63.59,64.6,18216500
2010-08-23,65.09,65.24,59.48,63.16,30747300
2010-08-30,63,65.42,60.8,64.64,21214900
2010-09-06,64.25,65.63,62.95,63.84,13678600
2010-09-13,64.73,64.98,61.89,62.95,29451900
2010-09-20,62.99,64.86,62.53,64.6,21449500
2010-09-27,64.61,67.98,62.94,66.83,24895900
2010-10-04,66.57,69.71,65.86,69.23,25147000
2010-10-11,69.51,72.17,68.91,70.11,23372700
2010-10-18,70.19,71.94,68.35,71.26,25064700
2010-10-25,71.68,72.49,69.71,70.64,19467700
2010-11-01,70.71,71.89,68.04,71.27,23715900
2010-11-08,70.06,70.55,63.01,63.09,46009000
2010-11-15,63.35,64.74,61.84,63.59,49156800
2010-11-22,63.02,65.58,62.8,64.8,20961800
2010-11-29,64.33,66.8,63.44,66.54,25830900
2010-12-06,66.41,67.39,63.96,64.16,24108400
2010-12-13,64.23,65.29,63.63,65.03,28612700
2010-12-20,64.74,65.14,62.82,65.06,23388800
2010-12-27,64.73,65.29,64.33,65.26,12168600
2011-01-03,66.15,70.1,66,69.38,36247000
2011-01-10,69.42,70.5,68.35,70.07,23368400
2011-01-17,70.86,72.99,70.23,71.68,29571800
2011-01-24,71.52,72.82,69,69.23,34914800
2011-01-31,69.26,71.64,69.12,71.38,22760500
2011-02-07,71.43,72.99,71.15,72.14,21795900
2011-02-14,72.7,73.52,71.09,73.04,21340300
2011-02-21,72.35,74.29,70,72.3,26254800
2011-02-28,72.47,72.9,68.6,71.8,27514800
2011-03-07,71.6,72.5,69.91,71.64,25529400
2011-03-14,71.17,71.23,67.34,69.1,29719400
2011-03-21,70.29,73.5,70.04,73.34,24412400
2011-03-28,73.5,74.85,73.03,74.01,20582000
2011-04-04,73.38,74.85,72.71,73.47,21191200
2011-04-11,73.65,74.28,70.88,72.6,19482300
2011-04-18,72.72,75.74,71.75,75.44,20090900
2011-04-25,75.51,80.34,74.68,79.78,30497600
2011-05-02,80.35,80.65,78.09,79.31,25381200
2011-05-09,79.31,80.42,78.48,79.03,18352200
2011-05-16,78.66,78.81,75.83,77.52,19967000
2011-05-23,76.55,77.5,75.13,76.99,19084700
2011-05-30,77.8,78.35,74.09,74.84,17811000
2011-06-06,74.76,75.27,72.61,72.69,18570200
2011-06-13,73.06,75.51,72.69,74.16,25377500
2011-06-20,73.96,75.02,70.29,71.26,30662600
2011-06-27,71.44,74.73,71.33,74.27,19673000
2011-07-04,74.17,76.2,73.85,75.07,15916200
2011-07-11,74.17,74.73,70.85,71.28,24609400
2011-07-18,70.66,73.3,69.07,72.67,29977900
2011-07-25,71.38,73.2,69.25,70.47,32270000
2011-08-01,71.61,71.63,61.41,62.75,41707000
2011-08-08,61.1,62.46,56.01,61.75,66855300
2011-08-15,62.06,62.98,57.47,57.54,37376900
2011-08-22,59.14,62.97,58.04,62.8,30881700
2011-08-29,63.99,67.73,63.6,64.03,29000100
2011-09-05,61.91,65.21,61.22,61.79,24291300
2011-09-12,60.83,65.75,60.33,65.38,28777200
2011-09-19,64.08,64.64,57.53,59.51,31080700
2011-09-26,60.8,64.29,60,60.51,29696100
2011-10-03,60.1,62.96,56.9,61.81,33062700
2011-10-10,62.87,65.23,62.75,63.89,19920400
2011-10-17,63.34,64.64,61.33,64.59,28432600
2011-10-24,64.41,68.76,63.55,68.17,39130400
2011-10-31,67.12,67.49,62.37,65.8,29979300
2011-11-07,65.71,67.26,64.33,66.92,22455800
2011-11-14,68.89,68.97,65.41,67.46,31009800
2011-11-21,66.32,66.45,62.12,62.78,19498500
2011-11-28,64.53,71.98,64.53,71.3,37810900
2011-12-05,72.28,72.76,69.64,71.93,30793800
2011-12-12,71.51,72.65,69.72,71.01,31950200
2011-12-19,71.2,74.74,69.91,73.97,23880300
2011-12-26,73.68,74.6,73.03,73.35,10666000
2012-01-02,74.7,75,72.74,73.98,23360000
2012-01-09,74.81,75.69,74.16,74.6,20750300
2012-01-16,75.3,76,74.77,75.52,17839200
2012-01-23,75.66,76.7,72.85,74.55,32017500
2012-01-30,73.99,76.74,73.68,76.34,21117100
2012-02-06,75.26,76.23,74.3,74.95,21804000
2012-02-13,75.5,76,74.75,75.35,22281000
2012-02-20,75.67,76.64,75.08,76.06,15277100
2012-02-27,75.69,75.78,74.63,74.9,19828300
2012-03-05,74.95,74.98,72.3,73.29,23308600
2012-03-12,73.2,75.81,73.2,75.2,24593200
2012-03-19,75,75.69,73.37,73.97,18151700
2012-03-26,74.52,75.29,72.95,74.37,17430100
2012-04-02,74,75.47,73.3,73.59,12721200
2012-04-09,72.63,73.83,70.59,72.92,20150200
2012-04-16,72.98,74.36,72.3,73.55,18425600
2012-04-23,72.69,77.57,72.17,77.27,28181200
2012-04-30,76.51,77.83,75.5,75.84,19843400
2012-05-07,75.79,76.08,73.25,73.56,17653500
2012-05-14,72.89,73.79,68.93,69.15,22255700
2012-05-21,70.46,72.21,69.66,70,21307700
2012-05-28,70.28,70.5,67.14,67.24,18434600
2012-06-04,68.15,70.33,66.82,69.94,21213800
2012-06-11,70.61,72.82,69.8,71.99,26679000
2012-06-18,71.69,73.62,71.07,71.96,17997700
2012-06-25,71.81,74.37,70.48,74.3,16947600
2012-07-02,74.21,74.74,72.45,73.69,13177700
2012-07-09,74.27,75.05,70.85,73.51,24602400
2012-07-16,73.13,75.11,72.04,73.89,17761600
2012-07-23,72.31,75.96,71.35,75.51,22444600
2012-07-30,74.6,75.59,71.15,72.81,22877900
2012-08-06,73.21,74.69,72.71,74.21,17117800
2012-08-13,73.71,74.44,72.75,73.91,14313300
2012-08-20,73.61,74.36,70.02,71.09,24643400
2012-08-27,70.95,71.99,70.5,71.4,15819400
2012-09-03,71.5,73.27,70.4,72.89,16302500
2012-09-10,72.31,72.43,70.44,71.28,28550900
2012-09-17,70.77,70.82,69.03,69.97,35637000
2012-09-24,69.45,70.55,69.18,69.6,22585400
2012-10-01,69.86,71.25,69.2,70.89,16756300
2012-10-08,70.72,72.24,70.23,71.85,18126800
2012-10-15,71.85,74.26,71.68,74.01,23540000
2012-10-22,73.8,75,70.55,71.11,29891800
2012-10-29,71.35,71.56,69.96,70.05,12171900
2012-11-05,69.87,73.3,69.3,73.25,33065400
2012-11-12,73.41,74.25,70.29,70.77,28638500
2012-11-19,71.49,73.86,71.08,73.74,11335700
2012-11-26,73.4,74.86,73.15,74.28,20170800
2012-12-03,74.41,74.71,72.93,74.64,18981500
2012-12-10,74.62,76.05,73.87,74.02,25662300
2012-12-17,74.2,76.24,73.53,76.17,28811300
2012-12-24,75.89,76.56,74.56,74.69,11654000
2012-12-31,74.61,78.02,74,77.69,17394100
2013-01-07,77.54,77.69,73.11,75.16,53191600
2013-01-14,75.23,76.98,72.68,75.04,61011900
2013-01-21,74.12,75.54,73.45,75.03,30402200
2013-01-28,73.9,75.07,73,74.87,41492700
2013-02-04,74.29,77.54,74.25,76.56,30221000
2013-02-11,76.42,76.44,74.54,75.03,19069100
2013-02-18,74.99,77.03,74.27,76.66,24263600
2013-02-25,76.83,77.93,75.03,77.28,27150600
2013-03-04,76.95,81.95,76.17,81.23,29529500
2013-03-11,81.01,86.49,80.96,86.43,32672200
2013-03-18,85.07,86.14,84.18,84.82,20482600
2013-03-25,85.03,86.84,84.34,85.85,16681800
2013-04-01,85.6,86.3,83.8,86.17,20979100
2013-04-08,86.04,89.46,85.38,88.89,23679700
2013-04-15,88.44,88.77,85.75,87.96,22454000
2013-04-22,88.08,93.38,86.44,92.85,28287800
2013-04-29,91.4,93.95,90.72,93.74,24762400
2013-05-06,93.44,95.15,93.36,94.24,20163600
2013-05-13,94.12,99.04,94.1,98.92,25459200
2013-05-20,99.12,100.58,97.06,100,33072300
2013-05-27,100.85,101.47,98.9,99.02,19144900
2013-06-03,99.36,102.59,98.05,102.49,25258300
2013-06-10,102.51,103.22,100.61,101.83,18149000
2013-06-17,102.69,104.15,97.42,99.98,29883600
2013-06-24,99.06,103.52,96.31,102.44,26420600
2013-07-01,102.93,104.2,100.78,104.2,14801600
2013-07-08,104,108.15,98.99,101.87,61008800
2013-07-15,103.83,107.98,103.1,106.96,36979200
2013-07-22,107.27,109.49,105.31,105.6,26457100
2013-07-29,103.52,107.95,103.5,107.9,22689300
2013-08-05,107.14,107.8,104.88,105.33,18985600
2013-08-12,104.86,106.55,101.77,103.47,19718700
2013-08-19,103,105.5,102.88,105.48,16480600
2013-08-26,105.75,106.52,102.57,103.92,15492800
2013-09-02,105.13,107.38,104.62,106.07,13353000
2013-09-09,106.58,111.33,106.56,111.33,18339500
2013-09-16,113.73,120.38,113.26,116.63,33862200
2013-09-23,117.15,119.89,115.8,118.74,19706100
2013-09-30,117.35,118.3,114.73,117.2,18238600
2013-10-07,115.51,119.4,113.34,117.98,23259100
2013-10-14,117.42,122.86,116.69,122.52,18442800
2013-10-21,122.69,131.43,121.06,131.19,28849200
2013-10-28,128.75,133.5,128.64,133.03,21900800
2013-11-04,133.75,134.58,130.59,133.49,20350400
2013-11-11,133.14,136.57,131.1,136.08,17165000
2013-11-18,140.25,142,131.2,135.97,29738500
2013-11-25,134.01,136.3,130.58,134.25,16414300
2013-12-02,134.99,135.75,130.55,135.18,22694000
2013-12-09,135.49,135.95,131.9,133.83,17975700
2013-12-16,134.27,138.1,132.84,136.67,24996600
2013-12-23,137.69,138.88,136.14,136.9,8514200
2013-12-30,137.16,138.5,135.51,137.62,11043600
2014-01-06,139.4,142.8,137.8,141.9,21273100
2014-01-13,141.55,142.14,137.8,140.46,22380400
2014-01-20,141.46,144.57,136.32,136.65,17977500
2014-01-27,136.7,138.46,123.08,125.26,45796300
2014-02-03,124.24,127.21,118.77,127.02,43947900
2014-02-10,128.96,130.69,126.35,130.16,30857400
2014-02-17,130.13,130.94,127.51,128.28,19422300
2014-02-24,128.38,130.8,126.21,128.92,25759200
2014-03-03,127.18,131,126.52,128.54,22258800
2014-03-10,126.51,127.28,121.63,123.11,28038900
2014-03-17,123.97,125.82,121.37,122.58,27780400
2014-03-24,123.53,125.32,121.8,124.46,16758300
2014-03-31,125.36,129.92,124.8,127.38,17310100
2014-04-07,127.19,128.18,121.92,122.07,19377200
2014-04-14,123.08,128.37,122.13,127.92,12108700
2014-04-21,128.05,131.5,127.37,128.66,21661200
2014-04-28,128.2,130.4,125.8,129.94,17038700
2014-05-05,129,132.38,128.95,131.1,16491600
2014-05-12,131.82,133.97,130.03,130.81,15864700
2014-05-19,130.42,132.58,129.07,132.41,11901900
2014-05-26,133.09,135.44,132.87,135.25,10689300
2014-06-02,135.5,138.25,134.59,138.25,13901400
2014-06-09,138.25,138.39,131.55,132.29,16715900
2014-06-16,132.2,134.08,131.03,132.1,18124400
2014-06-23,132.32,132.53,126.28,128.54,24299500
2014-06-30,127.91,128.62,126.2,128.51,14341900
2014-07-07,128.1,129.5,125.12,128.09,24035200
2014-07-14,128.91,130.58,125.79,127.64,23840600
2014-07-21,127.3,130.01,122.41,123.2,36595800
2014-07-28,123.44,124.56,119.64,120.38,24568700
2014-08-04,120.8,121.98,117.87,120.63,25999400
2014-08-11,121.15,124.69,120.01,123.16,17147600
2014-08-18,123.58,127.8,123.57,127.46,16433500
2014-08-25,128.08,129.13,126.05,126.8,13814300
2014-09-01,125.62,126.75,124.1,124.69,16431600
2014-09-08,125.9,128.68,125.9,126.95,19133600
2014-09-15,126.92,129.7,125.69,129.35,18132000
2014-09-22,129.37,129.87,126.96,128.69,14182000
2014-09-29,127.21,129.53,123.84,126.36,19030700
2014-10-06,127.09,127.19,121.5,121.5,18935100
2014-10-13,122.05,123.87,116.32,123.24,24830700
2014-10-20,123.39,128,121.06,122.24,34538200
2014-10-27,122.13,125.89,121.26,124.91,17576200
2014-11-03,125.35,126.71,123.37,124.45,15629900
2014-11-10,124.87,129.78,123.8,128.86,20800700
2014-11-17,128.7,133.36,127.55,132.78,22771600
2014-11-24,133.45,135.78,133.44,134.36,13213200
2014-12-01,134.31,134.4,130.92,132.21,16371800
2014-12-08,132.02,132.07,120.58,120.77,25961900
2014-12-15,121.4,127.42,120.6,126.23,35051900
2014-12-22,126.73,132.33,126.73,131.63,11578000
2014-12-29,131.72,132.73,129.09,129.95,12172700
2015-01-05,129.66,132.26,126.18,131.54,21150600
2015-01-12,132.24,133.91,128.95,130.78,18881500
2015-01-19,131.45,136.21,129.45,134.62,14841300
2015-01-26,135,148.25,130.74,145.37,49932300
2015-02-02,143.72,148.89,143.05,148,26186700
2015-02-09,146.16,149.84,145.63,149.73,17928000
2015-02-16,148.72,158.83,148.52,158.31,21094500
2015-02-23,155,155.92,150.45,150.85,27325900
2015-03-02,150.85,156.91,150.75,153.12,24639000
2015-03-09,153.3,155.61,149.79,151.57,17202700
2015-03-16,152.39,155.99,152.11,154.5,16727000
2015-03-23,154.98,154.98,145.96,148.85,16324600
2015-03-30,150.08,153.17,146.82,149.28,13816100
2015-04-06,148.15,154.96,148,154.38,17584200
2015-04-13,153.79,155.5,149.44,149.6,16798700
2015-04-20,151.06,154.09,148.02,148.4,24380900
2015-04-27,148.59,149,142.75,144.67,22200200
2015-05-04,143.85,145.94,140.43,145.46,29898100
2015-05-11,145.55,148.3,144.01,146.88,17057000
2015-05-18,146.88,147.77,144.8,144.81,13178000
2015-05-25,144.34,145.29,140.32,140.52,15616300
2015-06-01,141.45,145.06,140.05,140.73,19094400
2015-06-08,140.24,143.98,139.9,142.8,13508300
2015-06-15,142.04,146.53,141.28,145.13,16423600
2015-06-22,146.07,146.45,141.89,142.48,14246700
2015-06-29,140.96,141.52,138.44,140.21,12567700
2015-07-06,139.02,145.19,139,144.48,13870800
2015-07-13,145.96,148.8,145.6,146.84,13873600
2015-07-20,147.11,149.18,143.98,144.06,20278100
2015-07-27,143.22,144.92,139.51,144.17,16738200
2015-08-03,144.44,145.6,141.7,142.42,13397300
2015-08-10,143.79,146.77,139.86,145.09,18661700
2015-08-17,144.6,145.21,131.46,131.71,23228200
2015-08-24,123.64,135.5,115.14,133.24,33276700
2015-08-31,132.37,132.7,126.94,129.76,21939900
2015-09-07,132.27,136.25,132,134.67,13780100
2015-09-14,134.72,139.91,133.73,136.09,19364700
2015-09-21,136.42,137.45,127.18,131.01,20281100
2015-09-28,130.44,132.59,127.47,132.56,16056500
2015-10-05,132.28,140.24,131.35,139.7,16812300
2015-10-12,139.93,141.07,133.58,137.6,22576200
2015-10-19,137.6,147.75,136.39,146.7,28819300
2015-10-26,146.21,149.6,145.14,148.07,17973100
2015-11-02,148.38,149.47,146.01,147.94,12597700
2015-11-09,146.9,147.48,141.59,142.59,13945100
2015-11-16,142.58,150.59,142.33,149.4,14220500
2015-11-23,149.39,149.7,146.68,146.95,8944600
2015-11-30,146.97,149.4,144.28,148.5,16171400
2015-12-07,148.3,149.5,142.27,144.62,20526600
2015-12-14,144.5,149.8,138.89,139.58,26267100
2015-12-21,140.21,144.07,139.7,143.53,11077000
2015-12-28,143.26,148,142.85,144.59,8837800
2016-01-04,141.38,141.7,129.8,129.99,26121200
2016-01-11,130.85,132.88,124.51,125.63,27992300
2016-01-18,127.06,127.22,119.82,124.61,23921600
2016-01-25,124.6,128.15,115.02,120.13,57834200
2016-02-01,119.64,124.91,117.15,122.56,34845100
2016-02-08,120.67,121.33,102.1,108.63,62188800
2016-02-15,109.73,118.23,109,115.16,27616900
2016-02-22,115.16,119.45,112.51,118.16,23976800
2016-02-29,118.12,122.23,117.5,121.07,21283700
2016-03-07,120.8,125.5,120.57,124.63,20513700
2016-03-14,123.93,134.68,123.86,133.96,28065000
2016-03-21,133.46,136.78,130.03,132.12,19594700
2016-03-28,132.53,132.73,125.11,126.96,28297700
2016-04-04,126.54,130.02,125.58,127.88,22230700
2016-04-11,128.25,131.95,126.68,131.13,20902000
2016-04-18,131.13,133.85,128.49,131.05,21443700
2016-04-25,130.45,137.89,129.31,134.8,26289800
2016-05-02,134.38,135,130.53,133.26,17738200
2016-05-09,132.8,135.24,131.82,132.12,18655100
2016-05-16,131.63,134.49,127.09,127.39,19617100
2016-05-23,127.4,129.9,125.88,129.22,19366800
2016-05-30,129.88,129.98,124.78,127.38,21861700
2016-06-06,127.6,133.82,127.45,131.14,22943700
2016-06-13,130.79,131.76,126.9,129.82,21492500
2016-06-20,131.36,134.55,126.21,126.52,23635000
2016-06-27,125.68,130.34,122.35,129.69,22882500
2016-07-04,128.43,130.46,123.96,130.09,15458300
2016-07-11,130.84,133.25,129.37,132.39,18238700
2016-07-18,132.38,135.67,130.57,133.47,17056800
2016-07-25,133.18,139.45,132.3,133.66,22109100
2016-08-01,133.21,134.23,130.96,131.73,14711400
2016-08-08,132.14,133.78,131.71,133.1,12898200
2016-08-15,133.7,135.96,133.4,134.44,12379800
2016-08-22,134.3,136.37,131.82,132.23,12033400
2016-08-29,132.72,133.58,128.36,131.16,14894700
2016-09-05,131.63,133.08,128.52,128.53,13861700
2016-09-12,126.88,130.68,126.31,126.7,26386900
2016-09-19,127.5,132.48,127.27,131.78,14619000
2016-09-26,131.07,132.78,129.86,131.74,11250200
2016-10-03,131.28,135,130.74,133.85,16323000
2016-10-10,134.59,136.87,131.39,133.5,15076400
2016-10-17,133.5,136.95,133.33,135.63,11716700
2016-10-24,136.41,146.23,136.41,143.01,34788500
2016-10-31,143.05,143.9,138.8,139.54,14335300
2016-11-07,141.5,149.34,141.29,148.52,21639900
2016-11-14,148.21,150.09,144.46,146.35,17777700
2016-11-21,147.21,150.81,146.52,150.04,10415700
2016-11-28,149,153.08,148.32,152.25,17614900
2016-12-05,153.24,156.88,150.02,156.49,14924300
2016-12-12,156,160.07,153.06,154.5,22318800
2016-12-19,155.16,158.99,155.07,157.81,13693200
2016-12-26,158.41,158.48,154.96,155.68,7500800
2017-01-02,156.3,159.7,155.21,159.1,11837900
2017-01-09,159,159.94,156.67,158.83,13700100
2017-01-16,158.2,160.3,156.75,159.53,11374300
2017-01-23,158.94,170,157.29,167.7,25658700
2017-01-30,165.92,165.99,160.82,162.4,20718400
2017-02-06,162.42,167.42,162.38,166.23,16536100
2017-02-13,166.45,173.25,166.35,172.71,18431500
2017-02-20,173.92,178.8,173.68,177.44,14763600
2017-02-27,178,185.71,177.55,182.18,21966000
2017-03-06,181.4,182.84,177.92,178.7,16713800
2017-03-13,177.16,180.38,177.07,180.1,17552800
2017-03-20,180.1,180.25,174.77,175.82,12200700
2017-03-27,174.37,178.49,173.75,176.86,10573800
2017-04-03,177.08,180.18,175.5,178.85,12979000
2017-04-10,179,179.97,175.56,175.62,9522400
2017-04-17,175.84,180.93,175.65,180.38,13016700
2017-04-24,181.75,184.93,180.11,184.83,16659600
2017-05-01,184.23,185.07,181.8,185.01,13405900
2017-05-08,185.38,187.21,178.18,183.25,18390500
2017-05-15,183.3,184.11,175.47,180.76,15213800
2017-05-22,183.78,187.61,182.52,186.59,11594400
2017-05-29,186.76,191.7,184.53,190.23,13322800
2017-06-05,190.07,191.07,186.39,190.03,13315800
2017-06-12,190.3,197.95,188.05,196.44,16656000
2017-06-19,197.88,202.35,197,202.23,16604300
2017-06-26,202.77,204.39,196.45,197.75,12125800
2017-07-03,198.07,203.28,197.75,202.37,10055700
2017-07-10,202.32,208.73,202.19,208.51,13507700
2017-07-17,208.73,212.2,207.53,212.14,10950200
2017-07-24,212,242.68,211.4,241.27,34884700
2017-07-31,241.85,246.49,236.04,237.71,26618800
2017-08-07,237.6,241.43,230.94,234.88,24506000
2017-08-14,236.01,240.26,234.57,235.77,14567700
2017-08-21,235.77,239.89,234.35,235.89,12802800
2017-08-28,236.22,242.53,234.61,240.33,15078100
2017-09-04,240.3,240.36,234.29,238.78,14518000
2017-09-11,239.5,249.95,237.09,249,24888400
2017-09-18,249.97,259.3,248.91,256.45,19455900
2017-09-25,256.97,258.77,251.17,254.21,14610100
2017-10-02,254.65,258.99,253.53,258.58,15556100
2017-10-09,259,263.79,257.11,260.74,12598900
2017-10-16,261.5,264.83,256.03,264.75,12931600
2017-10-23,265.13,267.21,254.5,256.46,21917600
2017-10-30,255.45,263.79,255.33,261.75,13838900
2017-11-06,262.62,267.62,259.56,260.85,13915300
2017-11-13,261.67,265.04,260.15,262.26,11907800
2017-11-20,263,267.48,262.76,265.88,6974800
2017-11-27,265.38,278.73,264.72,271.38,16476200
2017-12-04,276.16,287.32,274,285.9,19572100
2017-12-11,286.21,297.37,279.9,293.94,25433000
2017-12-18,296,299.33,293.01,295.1,15819400
2017-12-25,295.54,297.44,294.65,294.91,6103900
2018-01-01,295.75,308.89,295.4,308.84,16539500
2018-01-08,308.66,336.88,305.75,336.21,25440100
2018-01-15,339.9,352.23,331.33,337.73,38728400
2018-01-22,335.29,345.98,332.04,343.22,25519900
2018-01-29,341.23,361.45,334.16,348.91,31271300
2018-02-05,342.67,353.59,317.39,332.83,47522000
2018-02-12,336.57,359.5,335.13,355.04,26294500
2018-02-19,352,360.81,351.4,356.66,16331700
2018-02-26,359.5,371.6,335.3,344.67,33394400
2018-03-05,338,355.21,336.61,354.52,25462400
2018-03-12,355.2,355.23,322.3,330.47,42685500
2018-03-19,327.45,341.91,318.32,321,31405400
2018-03-26,330.48,334.88,311.17,327.88,20035200
2018-04-02,325.2,338.96,311.88,326.12,29977300
2018-04-09,332.25,339.67,322.05,329.28,24115700
2018-04-16,332.34,342.41,327.63,338.67,16445500
2018-04-23,339.55,347.67,323.28,340.88,29505000
2018-04-30,341.17,342.58,319.13,334.43,21509100
2018-05-07,335.23,348.57,335.21,342.46,18805900
2018-05-14,344,352.05,340.25,351.23,14570500
2018-05-21,358.46,365,351.62,360.09,23068100
2018-05-28,357.71,360.97,350.66,356.72,14138900
2018-06-04,358.97,374.48,358.85,369.5,17817200
2018-06-11,371,373.33,353.47,357.88,22762000
2018-06-18,353.19,357.65,336.2,338.91,22000800
2018-06-25,332.52,341.42,327.29,335.51,19154000
2018-07-02,330.69,339.69,329.1,334.64,8818100
2018-07-09,337.5,351.24,336.51,350.79,13766900
2018-07-16,353.97,361.86,352.35,354.9,13238000
2018-07-23,355,364.54,345.5,360.65,18609700
2018-07-30,361.99,362.45,345.67,348.44,13467700
2018-08-06,347.37,352.12,336.45,339.41,12899600
2018-08-13,339.6,348.5,328.03,346.4,16630200
2018-08-20,348.6,355.87,345.46,349.38,12455800
2018-08-27,352.11,355.68,341.58,342.79,13325100
2018-09-03,341.6,353.35,339.28,349.28,13166200
2018-09-10,349.49,362.26,337.31,359.8,15803400
2018-09-17,359.28,372.57,354.54,372.23,21466500
2018-09-24,371,374.22,364.32,371.9,14094400
2018-10-01,375.16,394.28,375,386.47,20894600
2018-10-08,383.84,386.82,352.26,360.11,23996300
2018-10-15,359.46,368.57,354.21,356.26,14787000
2018-10-22,357.85,364.6,342.83,359.27,23172200
2018-10-29,360.55,371.54,328.63,357.75,25202100
2018-11-05,359.76,373.7,356.48,369.34,14083200
2018-11-12,370.21,370.48,331.16,335.95,20782700
2018-11-19,335.55,336.04,296.61,312.32,19659100
2018-11-26,315.56,347.58,310.66,346.76,23132200
2018-12-03,364.31,369,317.3,323.22,25596200
2018-12-10,321.27,334.49,315.51,318.75,16937800
2018-12-17,316.91,333.48,304.01,304.55,28731300
2018-12-24,300.65,321.53,292.47,316.38,16345000
2018-12-31,320.5,328.44,309.4,327.08,17004300
2019-01-07,330.52,354.36,323.35,352.9,21497700
2019-01-14,348.2,367.32,347.01,364.73,16675300
2019-01-21,362.86,366.94,353.67,364.2,13248300
2019-01-28,360.65,392.8,357.5,387.43,31541100
2019-02-04,388.97,413.88,388.12,404.91,26625300
2019-02-11,408.1,418.05,402.69,417.97,16130500
2019-02-18,415.5,424.47,414.54,424.05,13054400
2019-02-25,427.49,446.01,424.25,440.62,20570900
2019-03-04,443.22,444.5,415.5,422.54,21663200
2019-03-11,371.27,402.67,363.33,378.99,144538900
2019-03-18,370,380.8,361.53,362.17,48807800
2019-03-25,365,382.18,362.89,381.42,36635300
2019-04-01,385.8,398.66,383.1,391.93,37732300
2019-04-08,376.2,379.95,362.92,379.64,44680700
2019-04-15,376.7,384.64,373.68,380.07,20033400
2019-04-22,375.69,384.8,372.61,380.79,29771900
2019-04-29,378.49,385.3,373.25,376.46,17348300
2019-05-06,367.88,372.48,347.47,354.67,31167200
2019-05-13,344.51,359.99,337,355.02,28635000
2019-05-20,353,361.4,341.15,354.9,21776800
2019-05-27,355.29,359.31,341.36,341.61,13066300
2019-06-03,338.2,355.28,330.67,353.7,16981700
2019-06-10,356,357.4,342.8,347.16,12881500
2019-06-17,348.62,379.31,347.05,371.84,27379800
2019-06-24,372.95,378.98,361.57,364.01,23587700
2019-07-01,364.88,365.23,351.43,355.86,15540400
2019-07-08,350.41,365.45,347.9,365.33,19689200
2019-07-15,360.5,378.4,359.02,377.36,25871800
2019-07-22,376.94,382.48,342,345,29172700
2019-07-29,344.99,351.29,332.32,339.56,25005000
2019-08-05,332.46,339.08,324.57,337.55,20492900
2019-08-12,333.68,337.4,319.55,330.45,20071900
2019-08-19,334.18,369.69,328.88,356.01,27479800
2019-08-26,365.04,367.34,351.18,364.09,16667900
2019-09-02,354.11,364.91,350.61,363,13675200
2019-09-09,357.98,384,354.73,379.76,25291700
2019-09-16,378.14,388.52,375,379.39,20083200
2019-09-23,376.61,391,374.42,382.86,16164900
2019-09-30,383,383.77,363.23,375.7,14457700
2019-10-07,374.06,378.15,368.64,374.92,15395200
2019-10-14,374.25,378.7,344,344,24559600
2019-10-21,332.89,350.8,324.4,339.83,43844300
2019-10-28,341.5,350,339.22,345.19,20752300
2019-11-04,346.46,361.61,346.05,351,19040300
2019-11-11,349.04,373.48,345.56,371.68,31539500
2019-11-18,371.67,375.6,361.61,371.34,20888300
2019-11-25,372.52,374.77,366.18,366.18,11719300
2019-12-02,367.08,367.38,345.59,354.09,20067900
2019-12-09,352.67,353.6,338.5,341.67,23630900
2019-12-16,328.53,336.23,320.61,328,52025900
2019-12-23,336.75,340.59,329.17,330.14,22372300
2019-12-30,330.5,334.89,323.32,332.76,17904600
2020-01-06,329.3,344.19,327.88,329.92,38830100
2020-01-13,332.4,335.35,323,324.15,32257900
2020-01-20,322.6,326.6,302.72,323.05,65610900
2020-01-27,316.21,327.18,314,318.27,36446600
2020-02-03,318.75,343.44,314.88,336.75,32876700
2020-02-10,337.22,349.95,336.32,340.49,23592300
2020-02-17,338.77,341.47,330.23,330.38,14357700
2020-02-24,320,321.74,269.6,275.11,47459700
2020-03-02,279.54,297.44,249.8,262.33,53028600
2020-03-09,238,241.48,154.81,170.2,106051500
2020-03-16,149.42,151,89,95.01,224861100
2020-03-23,98.75,186.48,93.56,162,278796700
2020-03-30,153.81,160.64,120.02,124.52,202626000
2020-04-06,133.7,164.8,129.21,151.84,187009800
2020-04-13,155.5,156,132.9,154,193056400
2020-04-20,147.21,151.63,128.33,128.98,146583200
2020-04-27,129.97,147.18,123.83,133.37,207314000
2020-05-04,127.12,135.55,121.37,133.44,143178300
2020-05-11,130.92,133.12,113.89,120,132892400
2020-05-18,126.18,144.24,125.8,137.53,167353000
2020-05-25,145.21,156.7,141.24,145.85,131726400
2020-06-01,145.45,218.79,144.55,205.43,285395800
2020-06-08,222.94,234.2,166.01,189.51,430739300
2020-06-15,177.18,208.3,175.89,187.02,336307200
2020-06-22,184.56,190.12,167.6,170.01,268697700
2020-06-29,181,194.5,176.27,180.81,234822000
2020-07-06,184.52,189.36,169.75,178.44,199163300
2020-07-13,180.2,189.53,173.41,175.66,191886200
2020-07-20,175.13,182.95,171.62,173.76,153960300
2020-07-27,173.19,174.14,156.26,158,166705600
2020-08-03,156.51,175.57,153.41,170.02,167802800
2020-08-10,171.36,189.97,171.33,178.08,192941600
2020-08-17,178.24,178.29,165.86,167.5,110601400
2020-08-24,168.78,181.31,167.93,175.8,136757400
2020-08-31,174.65,180.85,164,171.05,98460400
2020-09-07,165.8,166.9,156.32,160.23,73829100
2020-09-14,161.75,170.57,158.9,161.14,95736400
2020-09-21,157.83,160.42,145.02,156.03,115362800
2020-09-28,160.33,172.76,159.2,168.08,159630500
2020-10-05,169.49,175.56,159.33,167.33,130238300
2020-10-12,167.75,173.42,158.73,167.35,82872100
2020-10-19,169.09,170.84,163.82,167.36,64552500
2020-10-26,164.95,165.5,141.58,144.39,81851800
2020-11-02,145.75,158.47,143.38,157.74,58773000
2020-11-09,179,193.95,172.16,187.11,165339400
2020-11-16,194.56,223.02,191.35,199.62,197319800
2020-11-23,203.24,222.95,201.87,216.5,88728700
2020-11-30,215.7,242,208.52,232.71,133491900
2020-12-07,238.5,244.08,228.02,230.33,105469100
2020-12-14,235,237.63,218.61,219.75,92641700
2020-12-21,212.34,224.4,211.1,217.15,49274000
2020-12-28,218.19,221.68,212.7,214.06,44984600
2021-01-04,210,216.6,202.49,209.9,85384200
2021-01-11,203.03,214.19,201.01,204.32,61727100
2021-01-18,206.99,215.59,204.27,205.84,40280100
2021-01-25,203.27,208.35,191.85,194.19,70323400
2021-02-01,196,213.2,192.86,207.93,53445400
2021-02-08,209.55,217.49,208.3,210.98,49459500
2021-02-15,213.08,218.71,208.08,217.47,40983700
2021-02-22,211.89,229.61,206.6,212.01,100241100
2021-03-01,219.6,237.1,213.8,223.22,106947500
2021-03-08,226.67,269.72,222.58,269.19,127994900
2021-03-15,274.15,278.57,251.31,255.82,129314300
2021-03-22,255.82,257.67,231.7,244.87,105354000
2021-03-29,251.3,257.88,248.03,252.96,59849100
2021-04-05,256.56,260.48,249.31,252.36,57012100
2021-04-12,250.57,258.37,246.1,248.18,63031800
2021-04-19,247,247,230.22,238.38,66967400
2021-04-26,240.24,244.65,231.8,234.31,62913500
2021-05-03,234.11,237.1,225.65,235.47,67288600
2021-05-10,236.84,241.1,219.07,228.47,72684100
2021-05-17,226.24,236.3,220.28,234.82,58601000
2021-05-24,235.14,252.6,232.6,247.02,59856000
2021-05-31,253,258.4,248.49,249.92,43584200
2021-06-07,251.5,256.31,245.78,247.28,60866500
2021-06-14,246.44,249.2,235.8,237.35,53243900
2021-06-21,238.66,252.3,237.25,248.38,58600400
2021-06-28,244.73,245.08,233.47,236.68,72207800
2021-07-05,236.85,240.38,226.16,239.59,52892500
2021-07-12,237.99,240.77,217.03,217.74,66880000
2021-07-19,211.18,224.63,204.8,221.52,71736900
2021-07-26,220,237.49,219.89,226.48,55655900
2021-08-02,227.19,233.57,221.3,231.33,40396300
2021-08-09,229,241.15,226.89,234.46,40826400
2021-08-16,231.9,232.03,210.94,212.67,50487000
2021-08-23,215.83,223.1,215.38,221.75,41889900
2021-08-30,222.35,223.84,217.09,218.17,36802700
2021-09-06,215.91,216.71,210.12,210.3,38276200
2021-09-13,211.35,216.31,209.88,213.36,42342800
2021-09-20,210.81,222.62,206.53,221.39,44502200
2021-09-27,224,229.94,216.42,226,55677500
2021-10-04,225.68,229,219.2,226.39,32054500
2021-10-11,226.5,232.1,216.28,217.04,43214700
2021-10-18,216,218.66,212.58,212.97,36771200
2021-10-25,213.25,214.85,204.6,207.03,50400300
2021-11-01,207,224.58,206.81,224.46,42867100
2021-11-08,225.24,226.99,217.27,220.96,37504600
2021-11-15,227.37,233.94,213.23,214.13,74620800
2021-11-22,215,215.02,194,199.21,42721300
2021-11-29,201.87,204.28,188,198.49,69361900
2021-12-06,199.77,212.68,199.2,205.06,42013600
2021-12-13,202.5,202.81,187.88,192.63,50435700
2021-12-20,188.11,205.13,185.26,204.22,37899200
2021-12-27,201.99,208.94,199.1,201.32,37883200
2022-01-03,204,218.93,203.34,215.5,48708100
2022-01-10,214.26,226.89,207.13,225.96,51143400
2022-01-17,224.5,229.67,204.57,205.44,37498800
2022-01-24,199.85,206.21,183.77,190.57,66232200
2022-01-31,190.73,209.1,190,206.45,48620700
2022-02-07,205.79,223.23,205.42,212.3,49900400
2022-02-14,213,219.68,208.6,209.03,35779000
2022-02-21,205,206.9,186.88,201.48,38646300
2022-02-28,198.58,207.31,178.97,180.84,54630700
2022-03-07,181.03,184.86,167.58,176.23,54362800
2022-03-14,175.88,193.38,172.57,192.83,49244100
2022-03-21,184.4,192.86,180.61,188.95,63505900
2022-03-28,188.43,197.58,184.47,190.76,36612100
2022-04-04,190.02,192.35,173.87,175.2,39379500
2022-04-11,173.84,185.54,173.4,181.94,24670700
2022-04-18,181.45,189.85,176.5,176.92,33171000
2022-04-25,174.51,176.08,146,148.84,80341200
2022-05-02,148.02,157.99,143.38,148.9,47748000
2022-05-09,146,146.95,120.28,127.2,72546400
2022-05-16,127.05,132.83,117.08,120.7,59251400
2022-05-23,121.7,132.23,117.29,132.23,41737200
2022-05-30,131.03,140.7,127.01,139.25,40814100
2022-06-06,139.99,142.21,126.85,127,31405400
2022-06-13,123,138.98,113.02,136.8,95912200
2022-06-20,139.17,141.87,130.09,141.53,42606300
2022-06-27,140.28,147.18,131.6,139.84,44154200
2022-07-04,136.25,142.28,131.29,139.07,30003800
2022-07-11,137.77,149.74,134.89,147.74,51179900
2022-07-18,153.31,163.34,147.2,158.16,52439100
2022-07-25,156.94,162.74,152.8,159.31,42647000
2022-08-01,165.95,171.76,162.33,165.04,45653700
2022-08-08,166.41,171.76,163.45,169.99,33881700
2022-08-15,169.29,173.85,162.58,162.92,26668500
2022-08-22,159.4,171.37,157.91,164.53,22855600
2022-08-29,162.28,169.92,150.82,151.82,28014500
2022-09-05,152.39,159.75,150.46,157.52,21234000
2022-09-12,158.46,160.97,141.35,144.29,42669500
2022-09-19,142.62,149.87,129.5,131.26,33372300
2022-09-26,129.77,133.89,120.99,121.08,41323000
2022-10-03,122,133.57,121.02,129.79,31018500
2022-10-10,131.42,136.41,124.17,133.15,35667500
2022-10-17,136.98,141.88,133.26,141.32,31324700
2022-10-24,142.85,150.14,132.21,143.84,62795900
2022-10-31,141.88,160.98,139.52,160.01,57815700
2022-11-07,161.4,179.32,160.63,177.49,51657900
2022-11-14,176.5,178.19,168.52,173.89,26816600
2022-11-21,172.53,178.46,171,178.36,14872800
2022-11-28,176.17,183.45,171.7,182.87,32293300
2022-12-05,182,188.45,174.62,179.54,37631100
2022-12-12,180.8,191.11,180.5,184.7,38138600
2022-12-19,184.92,196.4,184.71,189.06,32846000
2022-12-26,189.58,192.44,186.19,190.49,17967400
2023-01-02,192.95,213.04,192.4,213,36541200
2023-01-09,212.36,216.64,203.46,214.13,38800800
2023-01-16,212.71,213.42,204.78,206.76,22842700
2023-01-23,208.36,214.75,203.11,211.17,38868100
2023-01-30,209.19,218.97,205.62,206.01,31605600
2023-02-06,205.19,215.77,203.69,212.89,25325800
2023-02-13,213.6,221.33,207.62,211.66,29446900
2023-02-20,208.99,210.84,197.36,198.15,21381900
2023-02-27,199.87,216.12,199.06,215.11,25259400
2023-03-06,214.12,214.75,197.79,203.07,26862100
2023-03-13,200.2,213.56,192.41,201.05,42417300
2023-03-20,201.12,207.86,193.92,197.53,27527400
2023-03-27,198.63,214.8,198.63,212.43,24655400
2023-04-03,212.8,218.57,208.22,211.37,22034700
2023-04-10,211,214.5,198.15,201.71,37175200
2023-04-17,202,210.87,200.8,205.15,25265200
2023-04-24,204.87,211.7,201.12,206.78,25716900
2023-05-01,206.25,208.52,193.27,198.34,23091800
2023-05-08,199.16,204.61,196.4,200.7,24422400
2023-05-15,200.01,208.58,198.65,205.49,20742600
2023-05-22,205.51,207.49,196.6,203.63,19206500
2023-05-29,204.09,215.24,200.91,213.32,22051200
2023-06-05,213.28,220,200.61,217.31,37073500
2023-06-12,217.16,223.91,215.31,219.99,32380800
2023-06-19,218.89,219.29,202.55,205.41,26978500
2023-06-26,206.11,213.24,204.66,211.16,21118800
2023-07-03,210.5,215.66,207.89,212.1,16632300
2023-07-10,211.84,221.56,211.22,213.12,24658200
2023-07-17,212.5,215.6,208.24,211.8,24170400
2023-07-24,212.06,240.13,210.81,238.69,55408300
2023-07-31,238.99,243.1,230.08,231.36,21980400
2023-08-07,232.74,241.58,232.74,235.72,21624500
2023-08-14,237,238.65,221.68,226.65,15904100
2023-08-21,226.8,230.54,212.88,223.41,30235000
2023-08-28,224.21,231.17,221.95,223.4,22299000
2023-09-04,223.1,224.09,210.51,211.27,18161600
2023-09-11,213.76,214.2,206.88,208.11,19962300
2023-09-18,207.91,207.91,197.14,197.71,21274500
2023-09-25,196.84,199.39,190.03,191.68,24376800
2023-10-02,191.47,192.49,182.55,187.38,29646000
2023-10-09,188,199.62,183.18,184.91,33916200
2023-10-16,185.91,190.25,179.85,180.04,24658100
2023-10-23,179.44,187,176.25,179.69,34173600
2023-10-30,179.42,197.14,179.42,195.05,25180400
2023-11-06,195.88,197.26,189.57,196.65,20584100
2023-11-13,203.49,211.09,202.51,208.04,33746000
2023-11-20,211.01,221.59,210.94,220,24626700
2023-11-27,218.81,235.38,217.66,233.87,32625800
2023-12-04,231.3,244.7,230,244.7,27093800
2023-12-11,243.5,265.52,243.31,264.27,41657100
2023-12-18,260.63,267.54,259.2,260.44,28302500
2023-12-25,259.8,264.66,257.68,260.66,16206500
2024-01-01,257.28,258.59,243,249,22055500
2024-01-08,228,233.85,217.04,217.7,97417600
2024-01-15,210.07,215.16,199.5,215.02,89822300
2024-01-22,213.07,217.59,198.32,205.47,66980500
2024-01-29,206.06,214.63,199.14,209.38,60220500
2024-02-05,204.64,213.77,202,209.2,34124500
2024-02-12,208.7,209.8,202.21,203.89,30139600
2024-02-19,203.55,205.58,197.15,200.83,23366900
2024-02-26,201.01,208.1,199.01,200,36674600
2024-03-04,199.5,203.8,196.92,198.49,31960700
2024-03-11,194.21,196.07,180.52,182.53,63888400
2024-03-18,180.26,192.94,177.52,188.85,45179200
2024-03-25,196.01,196.18,186.81,192.99,33769700
2024-04-01,192.24,192.87,182.44,183.14,26838500
2024-04-08,182.14,184.55,169.37,169.55,42525300
2024-04-15,170.74,172.04,167.53,169.82,32456900
2024-04-22,169.82,177.64,159.7,167.22,52959100
2024-04-29,167.9,180.49,167.5,179.79,37869300
2024-05-06,180.88,183.98,174.71,178.51,30790600
2024-05-13,179.04,185.38,176.17,184.95,26206200
2024-05-20,184.65,188.63,169.57,174.52,40968500
2024-05-27,174.73,178.49,171.55,177.61,18640000
2024-06-03,178.09,192.1,178.02,190.24,31389100
2024-06-10,190,192.63,175.22,177.27,23947300
2024-06-17,176.75,180.45,172.05,176.56,25077400
2024-06-24,176.15,184.44,173.29,182.01,35475100
2024-07-01,182.2,189.47,182.2,184.83,19222400
2024-07-08,186.94,191.5,180.45,182.31,27374100
2024-07-15,183.5,188.45,177.39,179.67,29111100
2024-07-22,181.36,189.59,177.23,186.89,30006900
2024-07-29,186.7,196.95,167.25,169.95,49444400
2024-08-05,162.52,169.85,162.5,167.91,29958200
2024-08-12,167.73,180.51,162.62,179.99,27717500
2024-08-19,180.04,180.7,170.04,174.96,25130800
2024-08-26,173,175.28,170.15,173.74,20146100
2024-09-02,167.03,169.6,156.7,157.62,37287800
2024-09-09,162.3,164.55,155.6,156.77,45869500
2024-09-16,156.25,158.88,152.6,153.29,49282200
2024-09-23,153,158.43,151.65,156.32,48530800
2024-09-30,154.79,156.4,149.49,155,40210300
2024-10-07,155,158.76,146.26,151.02,46057100
2024-10-14,148,157.14,146.02,155,41656900
2024-10-21,160.25,163.44,151.98,155.01,54517300
2024-10-28,153.5,156.91,147.58,154.59,186401300
2024-11-04,154.62,157.66,144.13,151.68,89192300
2024-11-11,152,152.5,137.03,140.19,78562200
2024-11-18,140.26,150.34,138.2,149.29,50929200
2024-11-25,150.7,157.5,149.8,155.44,32024600
2024-12-02,155.91,160.35,153.37,153.93,40800000
2024-12-09,154.27,170.43,154.27,169.65,64178400
2024-12-16,168.09,182,166.1,177.35,80055800
2024-12-23,178.12,182.57,174.29,180.72,25516000
2024-12-30,173.72,179.35,169.8,169.9,50794700
2025-01-06,173.5,175.02,167.41,172,30843900
2025-01-13,171.18,172.5,164.62,171.09,35836900
2025-01-20,172.38,180.43,171.93,176.06,30291200
2025-01-27,175.55,188.48,170.65,176.52,55281300
2025-02-03,174.11,186.11,173.13,181.49,30747400
2025-02-10,183.12,188.24,177.6,184.42,27933600
2025-02-17,185.68,188.66,174.71,177.15,31037700
2025-02-24,177.48,183.04,171.83,174.63,31617000
2025-03-03,177.02,178.4,149.05,154.18,48690900
2025-03-10,150.03,162.32,145.45,161.81,39858100
2025-03-17,160.5,183.46,158.79,178.11,55649500
2025-03-24,182.03,184.4,172.45,173.31,36776100
2025-03-31,170.65,172.21,132.79,136.59,59716300
2025-04-07,132.05,162.43,128.88,156.84,69313800
2025-04-14,159.82,163.9,153.54,161.9,34866700
2025-04-21,160,180.33,156.47,177.95,49744200
2025-04-28,182.75,187.58,177.63,185.46,38383200
2025-05-05,184.39,195.3,183.5,194.85,39470500
2025-05-12,198.16,209.66,193.06,205.82,57803200
2025-05-19,203,208.62,198.75,202.36,27122200
2025-05-26,204.28,212.28,200.22,207.32,35158500
2025-06-02,210.98,215.8,207.9,210.8,32186700
2025-06-09,211.23,218.8,195.28,200.32,69688200
2025-06-16,200.57,205.31,196.8,198.75,34610300
2025-06-23,197.83,214.81,197.47,214.55,38204100
2025-06-30,213.88,217.68,206.77,215.92,25413000
2025-07-07,215.6,230.2,214.5,226.84,41787900
2025-07-14,231.4,233.61,227.27,229.34,39248400
2025-07-21,229.4,235.27,225.55,233.06,27012600
2025-07-28,233.24,242.69,215.9,221.9,53839200
2025-08-04,220.15,230.9,218.03,229.12,24870800
2025-08-11,229,236.45,225.17,235.26,30551700
2025-08-18,234.47,235.16,223.6,230.12,37312600
2025-08-25,229.6,238.05,226.6,234.68,25943400
2025-09-01,231.28,238.33,225.5,229.61,24634900
2025-09-08,231.7,232.28,215.7,215.94,39520600
2025-09-15,216.25,218.05,213.13,215.65,36174000
2025-09-22,215.17,224.1,211.43,221.26,51514400
2025-09-29,222.37,222.81,212.83,216.3,42673100
2025-10-06,217.87,226.19,210.73,210.73,45088300
2025-10-13,212.09,217.95,210.66,212.94,28726500
2025-10-20,215.13,221.74,213.8,221.35,26979200
2025-10-27,222.78,225.56,198.3,201.02,64165200
2025-11-03,202.04,205.66,191.49,194.61,42219200
2025-11-10,195.89,197.03,192.15,194.52,34448200
2025-11-17,194.84,194.84,176.77,179.7,50464400
2025-11-24,180.31,189.75,177.3,189,30463700
2025-12-01,188.96,205.85,186.41,201.89,59898100
2025-12-08,203.61,207.1,198.05,204.38,48072900
2025-12-15,204.38,215.98,203.17,214.08,40588700
2025-12-22,215.34,219.27,214.22,216.44,15700200
2025-12-29,215.9,227.77,215.11,227.77,27769500
2026-01-05,228.79,235.14,225.1,234.53,40434600
2026-01-12,234.29,248.75,234,247.68,39564500
2026-01-19,244.4,254.14,243.7,252.15,36275200
2026-01-26,251.49,254.35,229.94,233.72,55036200
2026-02-02,232.64,246.3,228.96,243.03,34892400
2026-02-09,242,247.86,235.5,242.96,29498800
2026-02-16,243.61,245.42,231.14,232.03,21076100
2026-02-23,231.5,236.13,224.91,227.53,25122900
2026-03-02,226,231.96,218.13,231.11,33873300
2026-03-09,226.75,227.59,204.3,209.89,45308000
2026-03-16,210.75,217.15,192.54,195.12,43430100
2026-03-23,198.91,201.69,189.28,190.52,28768300
2026-03-30,191.48,210.28,187.72,208.22,32637500
2026-04-06,207.37,221.29,206.92,217.63,24122000
2026-04-13,216.25,230.24,215.4,223.38,29320000
2026-04-20,222.23,236.45,218.9,232.44,42180600
2026-04-27,233,235.45,221.15,227.38,22923600
2026-05-04,226.49,238.54,221.04,237.36,31895000
2026-05-11,239.44,244.07,220.45,220.49,47987700
2026-05-18,220.48,223.02,214,219.02,30691900
2026-05-25,221.3,232.3,217.91,231.15,30421600
2026-06-01,228.36,228.8,209.63,215.45,36021400
2026-06-08,216.3,223.51,207.95,219.05,28265900
2026-06-15,225.3,231.34,220.12,222.72,26131200
2026-06-22,223,224.13,215.36,217.25,29619200
2026-06-29,218.63,227.52,213.95,226.49,23118600
2026-07-06,227.15,237.48,219.57,222.28,23429500
2026-07-13,222,222,211,214.03,20814900
2026-07-20,216.18,216.73,203.9,209.52,30592500
2026-07-27,212.54,223.77,209.35,216.14,39135300
2026-08-03,221,241.09,219.21,234.42,36739400
2026-08-10,234.25,237.11,228.18,231.67,15443300
2026-08-17,230.34,231.35,212.75,214.2,29684300
2026-08-24,212.86,213.31,208.7,209.89,20820200
